"gid","linearid","fullname","rttyp","mtfcc","geom"
1,"1104430641961","State Hwy 42","S","S1100","0105000020E61000000100000001020000001B00000081936DE00E5656C04D2F3196E95B3F40A7CEA3E2FF5556C0CE3637A6275C3F40B91CAF40F45556C0B4E6C75F5A5C3F4027BD6F7CED5556C0CF691668775C3F403CF88903E85556C0D4601A868F5C3F4038A3E6ABE45556C056F487669E5C3F40E7E44526E05556C082919735B15C3F4022C66B5ED55556C0882AFC19DE5C3F40865451BCCA5556C0000341800C5D3F409F909DB7B15556C0D3A414747B5D3F40944A7842AF5556C0A92EE065865D3F404C33DDEBA45556C0E63C635FB25D3F40A243E048A05556C0412AC58EC65D3F4084BC1E4C8A5556C093382BA2265E3F407EFFE6C5895556C08C135FED285E3F40D8648D7A885556C02A3BFDA02E5E3F40F697DD93875556C0753C66A0325E3F402C0DFCA8865556C0C03DCF9F365E3F40569DD5027B5556C0BF49D3A0685E3F40D40CA9A2785556C04E27D9EA725E3F40452FA3586E5556C04489963C9E5E3F402E3883BF5F5556C0ABCC94D6DF5E3F40C498F4F7525556C029E78BBD175F3F40A1D9756F455556C09B1F7F69515F3F40BBB72231415556C03E213B6F635F3F40BC404981055556C043E1B37570603F40B456B439CE5456C02861A6ED5F613F40"
2,"1104430639695","State Hwy 42","S","S1100","0105000020E6100000010000000102000000140000009757AEB7CD5456C017F032C346613F4088670932025556C0F75AD07B63603F408121AB5B3D5556C032225168595F3F4027A25F5B3F5556C0365A0EF4505F3F404F04711E4E5556C0F1845E7F125F3F40E202D0285D5556C0371B2B31CF5E3F403B71395E815556C0AA49F086345E3F40936E4BE4825556C0429770E82D5E3F40459DB987845556C0D427B9C3265E3F40DF89592F865556C025C9737D1F5E3F4066FA25E2AD5556C0EF384547725D3F4025E7C41EDA5556C022895E46B15C3F40D7FB8D76DC5556C0168A743FA75C3F404A6249B9FB5556C08A5A9A5B215C3F406E895C70065656C07847C66AF35B3F40BAD8B452085656C0BD6E1118EB5B3F405F79909E225656C0990E9D9E775B3F402043C70E2A5656C0D93EE42D575B3F40E4DC26DC2B5656C0842BA0504F5B3F409D9B36E3345656C05DA96741285B3F40"
3,"1108296451323","State Hwy 67","S","S1100","0105000020E610000001000000010200000005000000C092AB58FC1F56C044DFDDCA1293454030134548DD1F56C0ADDC0BCC0A934540399A232BBF1F56C0406D54A7039345401840F850A21F56C0D2FD9C82FC9245406876DD5B911F56C0B680D07AF8924540"
4,"1108296451337","State Hwy 67","S","S1100","0105000020E6100000010000000102000000040000004948A46DFC1F56C053910A630B93454021AF0793E21F56C09293895B05934540399A232BBF1F56C0D2FD9C82FC9245405A492BBEA11F56C00B43E4F4F5924540"
5,"11020511318415","State Hwy 114","S","S1100","0105000020E6100000010000000102000000250100001D740987DE4B58C01FF30181CE7E404058552FBFD34B58C0BDFDB968C87E4040CAF962EFC54B58C0C7F2AE7AC07E40404D840D4FAF4B58C02E03CE52B27E404010CD3CB9A64B58C09B559FABAD7E4040070951BEA04B58C00874266DAA7E4040D2FBC6D79E4B58C0CD751A69A97E404063F030ED9B4B58C0DA571EA4A77E4040FF9254A6984B58C00553CDACA57E40407024D060534B58C008CC43A67C7E40400B2593533B4B58C061FA5E43707E4040A8E15B58374B58C057B439CE6D7E4040656D533C2E4B58C06BEF5355687E4040D6A9F23D234B58C057975302627E404030293E3E214B58C0DAA9B9DC607E40402E56D4601A4B58C0001C7BF65C7E40404E250340154B58C02B4B7496597E4040A435069D104B58C087FE092E567E40405D52B5DD044B58C068942EFD4B7E40406BB6F292FF4A58C05FB69DB6467E404089981249F44A58C083A3E4D5397E404028F1B913EC4A58C02A3BFDA02E7E40403CDEE4B7E84A58C0DF6DDE38297E4040BF0AF0DDE64A58C03A2174D0257E404004E44BA8E04A58C033DFC14F1C7E4040BB641C23D94A58C0E19BA6CF0E7E4040A4703D0AD74A58C0D789CBF10A7E4040EA7AA2EBC24A58C0838769DFDC7D4040B0FECF61BE4A58C0B2BAD573D27D4040E5D4CE30B54A58C01D03B2D7BB7D40402DE92807B34A58C0087767EDB67D404093E2E313B24A58C0800F5EBBB47D4040111E6D1CB14A58C0C823B891B27D40402AC8CF46AE4A58C00169FF03AC7D404077F700DD974A58C0990E9D9E777D404014E81379924A58C0115663096B7D4040FF5BC98E8D4A58C0B7ED7BD45F7D404098C3EE3B864A58C0433C122F4F7D404087890629784A58C0064B75012F7D404005A568E55E4A58C0F41ABB44F57C404091442FA3584A58C0193C4CFBE67C40406A6798DA524A58C01A53B0C6D97C4040EE5C18E9454A58C02997C62FBC7C4040A94C3107414A58C0C4B46FEEAF7C40405E4BC8073D4A58C0A67EDE54A47C40403C11C479384A58C04FB2D5E5947C40409C4D4700374A58C06ADE718A8E7C4040EDB776A2244A58C08BFCFA21367C4040D6A9F23D234A58C08352B4722F7C4040E621533E044A58C0168733BF9A7B40409415C3D5014A58C0ABB35A608F7B404006D7DCD1FF4958C07F33315D887B4040D2FD9C82FC4958C0D10836AE7F7B40408C9FC6BDF94958C0D540F339777B40402828452BF74958C06D8E739B707B40400586AC6EF54958C0D5230D6E6B7B40400DC51D6FF24958C0C7BC8E38647B404003CDE7DCED4958C0D8D64FFF597B4040C2DD59BBED4958C055F833BC597B404076C24B70EA4958C0BEC11726537B40401F1329CDE64958C0E59B6D6E4C7B4040446B459BE34958C0AC394030477B4040882AFC19DE4958C0ECA353573E7B404026016A6AD94958C0A20A7F86377B40401041D5E8D54958C0BC02D193327B4040062FFA0AD24958C018EAB0C22D7B404064B2B8FFC84958C0ACE28DCC237B404054E3A59BC44958C06D8FDE701F7B4040FD67CD8FBF4958C0C976BE9F1A7B4040D20149D8B74958C0C689AF76147B4040F486FBC8AD4958C0DBF813950D7B4040FDF9B660A94958C0FB7953910A7B404076E09C11A54958C0BBF2599E077B4040A79201A08A4958C0A67D737FF57A4040DF6FB4E3864958C001310917F27A404044A7E7DD584958C00C207C28D17A404076A73B4F3C4958C060747973B87A40409770E82D1E4958C02FFD4B52997A40408048BF7D1D4958C09AB33EE5987A40406397A8DE1A4958C0E9B81AD9957A404078B81D1A164958C0EC884336907A404028486C770F4958C061342BDB877A404036ACA92C0A4958C0880E8123817A40400876FC17084958C09CE1067C7E7A4040406D54A7034958C01CD31396787A4040957D5704FF4858C0FC00A436717A40407E1EA33CF34858C075E44867607A4040FDDB65BFEE4858C0C09481035A7A404066F4A3E1944858C0A9F92AF9D8794040853E58C6864858C05BEECC04C379404040C39B35784858C0B988EFC4AC794040DD990986734858C0DBA50D87A57940405C2041F1634858C0A62A6D718D794040577A6D36564858C0B16A10E676794040CD3FFA264D4858C07E74EACA67794040A8E49CD8434858C0984F560C5779404010AE80423D4858C08693347F4C79404078431A15384858C0FB3E1C244479404039F06AB9334858C0E129E44A3D794040B8AD2D3C2F4858C0CCD1E3F7367940402D0B26FE284858C0AD33BE2F2E79404006483481224858C064CE33F6257940402140868E1D4858C09D137B681F794040F4BF5C8B164858C06519E2581779404008C72C7B124858C0B55208E4127940402AFEEF880A4858C0B98AC56F0A79404002D369DD064858C0B535221807794040FB5C6DC5FE4758C0E8BD310400794040B8E864A9F54758C0B1C398F4F778404011FDDAFAE94758C08B34F10EF0784040BD512B4CDF4758C04D49D6E1E87840407EFE7BF0DA4758C0C0249529E67840400BB8E7F9D34758C02786E464E2784040A2EBC20FCE4758C0768BC058DF7840407651F4C0C74758C0A777F17EDC7840404E266E15C44758C025CD1FD3DA78404082E2C798BB4758C021787C7BD77840407A6CCB80B34758C0A5BE2CEDD47840401286014BAE4758C088D9CBB6D37840404F20EC14AB4758C0DC679599D27840402843554CA54758C00C207C28D17840400971E5EC9D4758C07EC7F0D8CF7840402A711DE38A4758C0F65FE7A6CD7840403293A8177C4758C00342EBE1CB7840409FE57970774758C02D095053CB7840408FFCC1C0734758C0693BA6EECA784040E3E2A8DC444758C041446ADAC5784040CD1FD3DA344758C06682E15CC3784040BD19355F254758C002F1BA7EC17840404E0B5EF4154758C03F575BB1BF78404011548D5E0D4758C0A45016BEBE784040DEAE97A6084758C0BDAC8905BE7840403A9677D5034758C03411363CBD784040185C7347FF4658C09A0AF148BC784040A98427F4FA4658C0A0FB7266BB7840405C01857AFA4658C05F0CE544BB78404060394206F24658C0B98B3045B9784040E15E99B7EA4658C01FB935E9B6784040C4793881E94658C05BEB8B84B678404060E811A3E74658C0143FC6DCB5784040DA0242EBE14658C05D5320B3B37840409F1EDB32E04658C0E622BE13B378404071E82D1EDE4658C0EC134031B2784040A208A9DBD94658C09AED0A7DB07840409F01F566D44658C0718E3A3AAE784040D712F241CF4658C0255987A3AB7840408A3E1F65C44658C034D769A4A5784040747E8AE3C04658C0D04543C6A37840402E3A596ABD4658C066F7E461A1784040CB10C7BAB84658C0E5805D4D9E7840408CA37213B54658C0E6E8F17B9B784040FFCC203EB04658C0BEBD6BD0977840407D224F92AE4658C000E143899678404047AAEFFCA24658C02F14B01D8C7840403ECC5EB69D4658C0C72DE6E786784040827170E9984658C070B20DDC817840406CCB80B3944658C09C1551137D784040FDD98F14914658C0FEB968C878784040DDED7A698A4658C06DA818E76F784040A8E0F082884658C09F94490D6D7840408D976E12834658C002D53F8864784040AD18AE0E804658C0761893FE5E784040543541D47D4658C05A9BC6F65A784040C005D9B27C4658C014234BE6587840400ED76A0F7B4658C0E606431D56784040E6779ACC784658C0AC70CB47527840405839B4C8764658C031EBC5504E784040B9A981E6734658C02250FD83487840403DD68C0C724658C0A7CAF78C4478404067D13B15704658C0096F0F4240784040DF4F8D976E4658C093A641D13C784040BDE13E726B4658C0DF8AC40435784040E4BB94BA644658C0AB949EE9257840402CB64945634658C08369183E227840408E7406465E4658C02B357BA015784040EBC37AA3564658C071732A19007840405325CADE524658C09AB51490F6774040170D198F524658C0111AC1C6F57740405F07CE19514658C01973D712F2774040460C3B8C494658C0C9FFE4EFDE774040AB05F698484658C060B1868BDC774040ED0E2906484658C090696D1ADB77404042EBE1CB444658C0A60C1CD0D2774040F6984869364658C0A7E9B303AE7740401A6CEA3C2A4658C04CDF6B088E7740408099EFE0274658C049F25CDF877740406C41EF8D214658C0A5BC564277774040C100C287124658C0D751D50451774040AB5AD2510E4658C0E2AE5E454677404071766B990C4658C05001309E417740406BD3D85E0B4658C01C28F04E3E774040832F4CA60A4658C046239F573C7740400D198F52094658C0BFEFDFBC38774040BB0CFFE9064658C029ED0DBE307740403271AB20064658C0E27492AD2E7740401C7DCC07044658C02634492C297740402F6AF7AB004658C00796236420774040ADA580B4FF4558C02CD49AE61D7740401555BFD2F94558C0F8DD74CB0E774040FC709010E54558C0B58D3F51D97640409CFD8172DB4558C0200A664CC1764040D0B9DBF5D24558C0CC0D863AAC764040BF823463D14558C068B0A9F3A87640401BB80375CA4558C0166D8E739B7640406BD784B4C64558C01F2E39EE9476404010070951BE4558C020459DB987764040A2630795B84558C0B9C667B27F7640407731CD74AF4558C0EEEA55647476404020B6F468AA4558C07A56D28A6F76404094F947DFA44558C0DBFAE93F6B764040E3FBE252954558C0E19A3BFA5F764040A4A5F276844558C00588821953764040650113B8754558C0575D876A4A764040FD4E93196F4558C0BD8A8C0E48764040FA449E245D4558C0EFAA07CC437640401AE0826C594558C0FB58C16F437640405CE674594C4558C0DE7360394276404021E868554B4558C0FC8C0B07427640408D9B1A683E4558C0333674B33F764040996379573D4558C0514F1F813F764040BE874B8E3B4558C0FDF49F353F76404084BD8921394558C069AB92C83E764040E55E6056284558C0882CD2C43B764040B16B7BBB254558C02367614F3B7640402FC1A90F244558C0D00CE2033B7640403882548A1D4558C089601C5C3A764040C26B97361C4558C047718E3A3A764040ED80EB8A194558C0F4160FEF397640408733BF9A034558C09C33A2B4377640401C430070EC4458C00261A758357640401D8EAED2DD4458C0629D2ADF3376404040A54A94BD4458C05E4887873076404023F433F5BA4458C0DB696B443076404018778368AD4458C0DC9DB5DB2E764040A73E90BC734458C0DF6DDE38297640402713B70A624458C03A2174D025764040685DA3E5404458C060C77F8120764040CF842689254458C060C77F8120764040D6726726184458C04DF4F9282376404089D2DEE00B4458C088BEBB9525764040D482177D054458C0274EEE772876404030B8E68EFE4358C0A2D3F36E2C764040D89DEE3CF14358C074081C09347640406DCA15DEE54358C01C42959A3D764040992D5915E14358C0333674B33F764040DAE55B1FD64358C04C1762F547764040F085C954C14358C09599D2FA5B7640408A0453CDAC4358C0723106D67176404090D8EE1EA04358C09A79724D817640403C855CA9674358C0CE177B2FBE7640406AF6402B304358C0C1C6F5EFFA764040CDCB61F71D4358C0E4D6A4DB1277404039B35DA10F4358C00BEBC6BB23774040FD2FD7A2054358C0EEEE01BA2F774040C2FA3F87F94258C02EC72B103D774040D2C6116BF14258C07E1D3867447740404167D2A6EA4258C0BC3C9D2B4A774040FF5A5EB9DE4258C0170D198F5277404002452C62D84258C09E40D829567740401211FE45D04258C0EA4141295A774040E9465854C44258C0467A51BB5F7740407C0BEBC6BB4258C0BB421F2C637740409CA6CF0EB84258C026C5C72764774040153C855CA94258C0E92ADD5D67774040999CDA19A64258C00744882B67774040BA85AE44A04258C07E74EACA67774040AAB69BE09B4258C00053060E687740407F8461C0924258C054AD855968774040F549EEB0894258C0BF6378EC67774040A036AAD3814258C00744882B67774040E4DBBB067D4258C019E3C3EC65774040C0B4A84F724258C009E066F162774040CF4C309C6B4258C04089CF9D607740400D350A49664258C07CEF6FD05E774040DBC35E28604258C0DD5F3DEE5B774040EFFE78AF5A4258C0029EB47059774040DA588979564258C068CBB914577740406A6798DA524258C022533E04557740403D7FDAA84E4258C07715527E5277404052BAF42F494258C01F662FDB4E7740407E1D3867444258C0D921FE614B77404062A06B5F404258C02827DA5548774040E15D2EE23B4258C042EBE1CB44774040850B7904374258C056F2B1BB40774040164ED2FC314258C088122D793C7740403CC093162E4258C0A1D634EF38774040569E40D8294258C015E63DCE34774040FEEE1D35264258C0768A558330774040817C09151C4258C0666A12BC217740408FFAEB15164258C0CE33F6251B774040EA793716144258C0C4EDD0B01877404098A1F144104258C00E6ABFB513774040102043C70E4258C04513286211774040"
6,"1109097222447","State Hwy 114","S","S1100","0105000020E6100000010000000102000000DF000000A3E8818FC13958C0BB438A01126B404087A2409FC83958C092CD55F31C6B4040D26F5F07CE3958C0766D6FB7246B4040DACBB6D3D63958C0EC866D8B326B404028EE7893DF3958C08BFF3BA2426B4040DE718A8EE43958C0560F98874C6B40404FB16A10E63958C09C53C900506B40408E041A6CEA3958C0D2191879596B40404CC79C67EC3958C08F8EAB915D6B40405B96AFCBF03958C078B7B244676B4040DCD8EC48F53958C0916456EF706B40400AF5F411F83958C0D540F339776B404066F9BA0CFF3958C0B01F6283856B40400CCEE0EF173A58C0B28009DCBA6B40400A80F10C1A3A58C0B6A1629CBF6B4040035B25581C3A58C05ABA826DC46B40400D39B69E213A58C0259694BBCF6B4040FA7FD591233A58C07097FDBAD36B40408AC8B08A373A58C08A03E8F7FD6B40401D90847D3B3A58C0A86DC328086C4040F27A30293E3A58C070287CB60E6C40409696917A4F3A58C0B32781CD396C4040B39597FC4F3A58C0F3E2C4573B6C4040F46A80D2503A58C0FE28EACC3D6C4040170D198F523A58C0209738F2406C4040DEC7D11C593A58C033535A7F4B6C404029AF95D05D3A58C041BAD8B4526C4040CA8CB7955E3A58C02E1B9DF3536C40406F0D6C95603A58C09E2633DE566C4040A54E4013613A58C05646239F576C40400744882B673A58C0D384ED27636C4040D7C22CB4733A58C0AA2B9FE5796C404033FB3C46793A58C06AC18BBE826C40407100FDBE7F3A58C00C3ECDC98B6C4040A323B9FC873A58C01EFAEE56966C40400DC347C4943A58C04CFF9254A66C404037A79201A03A58C010EA2285B26C4040DD274701A23A58C0B66AD784B46C4040533E0455A33A58C026AAB706B66C4040D48041D2A73A58C01E51A1BAB96C4040EFC9C342AD3A58C06F0F4240BE6C4040D1E7A38CB83A58C05EF58079C86C4040F52B9D0FCF3A58C04D2CF015DD6C404056D3F544D73A58C037894160E56C404095D8B5BDDD3A58C04CE141B3EB6C40404A287D21E43A58C072A43330F26C40405D18E945ED3A58C0C64FE3DEFC6C4040E7525C55F63A58C038143E5B076D4040CDB1BCAB1E3B58C0B5DD04DF346D4040486E4DBA2D3B58C02F185C73476D4040892991442F3B58C09F573CF5486D40406AF6402B303B58C0ABD1AB014A6D4040401878EE3D3B58C0BABDA4315A6D4040446D1B46413B58C0172AFF5A5E6D404057772CB6493B58C06AA164726A6D40405A643BDF4F3B58C0734BAB21716D40402B85402E713B58C08ACA8635956D404041118B18763B58C0C9E9EBF99A6D4040739CDB847B3B58C0B37A87DBA16D404001F8A754893B58C0A6811FD5B06D404019710168943B58C0761A69A9BC6D4040DA20938C9C3B58C06077BAF3C46D4040DFA9807B9E3B58C0F48C7DC9C66D40403F373465A73B58C0904C874ECF6D4040E1B37570B03B58C0D3C08F6AD86D4040E199D024B13B58C0BB641C23D96D40405D876A4AB23B58C019390B7BDA6D40405A83F755B93B58C016359886E16D40401A4D2EC6C03B58C0E7357689EA6D4040E50E9BC8CC3B58C0098D60E3FA6D4040ACC95356D33B58C0F7729F1C056E404095D8B5BDDD3B58C05F420587176E40408C31B08EE33B58C05AD6FD63216E4040F54BC45BE73B58C05C8FC2F5286E404097C80567F03B58C0068200193A6E404024D3A1D3F33B58C097C79A91416E40400E30F31DFC3B58C047AB5AD2516E4040761C3F541A3C58C0DB519CA38E6E40402DEE3F321D3C58C09C4F1DAB946E40403DD7F7E1203C58C0ECA529029C6E404065C405A0513C58C054742497FF6E404058CB9D99603C58C0DE02098A1F6F40408CF2CCCB613C58C05ABC5818226F4040F19D98F5623C58C0766D6FB7246F404095826E2F693C58C0CE6DC2BD326F40404B2025766D3C58C02219726C3D6F4040A73E90BC733C58C06D0377A04E6F404088BD50C0763C58C003D2FE07586F404020425C397B3C58C030D7A205686F4040F4F8BD4D7F3C58C06956B60F796F40403A579412823C58C03E78EDD2866F40407ADE8D05853C58C005508C2C996F4040431B800D883C58C04A7D59DAA96F40404F95EF19893C58C0FFCC203EB06F404060CC96AC8A3C58C0C38366D7BD6F4040AD3594DA8B3C58C03735D07CCE6F4040FF756EDA8C3C58C041649126DE6F404053D0ED258D3C58C0DE74CB0EF16F4040B8955E9B8D3C58C09204E10A287040405E4A5D328E3C58C0E413B2F3367040405859DB148F3C58C061527C7C427040409F1F46088F3C58C0CCD4247843704040C9CC052E8F3C58C078465B9544704040B62DCA6C903C58C0F9D9C8755370404097C62FBC923C58C0EA78CC4065704040C616821C943C58C0045ABA826D70404031992A18953C58C0ADFBC742747040406A15FDA1993C58C02BBF0CC688704040A4AB74779D3C58C0348639419B704040D8D2A3A99E3C58C0BA85AE44A07040401F4B1FBAA03C58C010CD3CB9A67040404C33DDEBA43C58C0A3CB9BC3B570404045DAC69FA83C58C05B087250C270404013D4F02DAC3C58C06EF8DD74CB704040C51C041DAD3C58C05B25581CCE704040B83A00E2AE3C58C0C40B2252D3704040AAF06778B33C58C05872158BDF7040402F88484DBB3C58C0BBB88D06F070404039B4C876BE3C58C0D5CDC5DFF67040406B0BCF4BC53C58C0F9C08EFF02714040F8FBC56CC93C58C05A828C800A71404024624A24D13C58C030D80DDB16714040586FD40AD33C58C082CAF8F7197140407B116DC7D43C58C0AA29C93A1C7140404F948444DA3C58C0BE4D7FF6237140403E7AC37DE43C58C0CFA10C55317140408466D7BD153D58C0FB95CE8767714040960854FF203D58C0F4C13236747140403A07CF84263D58C056B77A4E7A714040C0EC9E3C2C3D58C059A48977807140404E2B85402E3D58C0F37684D3827140401BF16437333D58C06DC83F338871404066C0594A963D58C05FB7088CF5714040D00EB8AE983D58C0280EA0DFF7714040A5F9635A9B3D58C0562AA8A8FA7140401F680586AC3D58C09AEFE0270E724040B709F7CABC3D58C0C6C03A8E1F72404047382D78D13D58C026378AAC3572404014967840D93D58C004E621533E7240409F5BE84A043E58C0454948A46D72404089230F44163E58C0ACE463778172404071E481C8223E58C028BB99D18F724040E1EF17B3253E58C0F0DDE68D9372404043CBBA7F2C3E58C06F8445459C72404018D00B772E3E58C04489963C9E724040E7E3DA50313E58C072A59E05A17240403FADA23F343E58C0658F5033A4724040F4160FEF393E58C085950A2AAA724040D447E00F3F3E58C0D0622992AF724040E89FE062453E58C0AE450BD0B6724040A662635E473E58C0D7A4DB12B97240403B1DC87A6A3E58C094A46B26DF72404001BEDBBC713E58C05A2BDA1CE77240401F2BF86D883E58C089B5F814007340404D309C6B983E58C057B2632310734040EE5EEE93A33E58C08C101E6D1C734040815D4D9EB23E58C0F513CE6E2D734040BE310400C73E58C0431F2C6343734040C6C1A563CE3E58C0B64B1B0E4B734040B7291E17D53E58C071581AF8517340403D601E32E53E58C0D4D2DC0A617340404E97C5C4E63E58C03F55850662734040363B527DE73E58C0158E209562734040138255F5F23E58C0E1D1C6116B734040B22B2D23F53E58C0C284D1AC6C7340408B6B7C26FB3E58C0734BAB21717340400DE2033BFE3E58C0AD156D8E73734040F20698F90E3F58C0ACFE08C38073404022C2BF081A3F58C0B47405DB8873404094C0E61C3C3F58C0FA264D83A2734040DD0BCC0A453F58C0F165A208A9734040253D0CAD4E3F58C0C9570229B173404079CE16105A3F58C03B1C5DA5BB734040EA92718C643F58C00CE9F010C6734040D844662E703F58C088F37002D3734040132C0E677E3F58C0799274CDE47340403909A52F843F58C0404D2D5BEB73404074D3669C863F58C0151E34BBEE73404084F068E3883F58C0C61858C7F1734040BE86E0B88C3F58C0FF7A8505F7734040F7393E5A9C3F58C01E3691990B7440406C257497C43F58C0E0DBF4673F744040E55FCB2BD73F58C0AAD4EC8156744040F9BA0CFFE93F58C01B82E3326E74404087DBA161314058C0A5A14621C974404032022A1C414058C0FAD170CADC744040D9EDB3CA4C4058C0F3C98AE1EA744040252367614F4058C09816F549EE7440406A6AD95A5F4058C0A0A9D72D02754040E353008C674058C047E350BF0B75404062484E266E4058C0145B41D312754040FC372F4E7C4058C0BAF8DB9E207540401D3EE944824058C045813E91277540404C8E3BA5834058C0217711A628754040E6948098844058C09D64ABCB297540404165FCFB8C4058C01C0B0A8332754040594FADBEBA4058C0941799805F7540401A19E42EC24058C013F241CF667540404A253CA1D74058C07959130B7C75404086915ED4EE4058C0F6B4C35F9375404037A968ACFD4058C048C49448A27540402FC4EA8F304158C0D55C6E30D47540405587DC0C374158C01FF64201DB7540403BAC70CB474158C0C32B499EEB7540401C45D61A4A4158C02D7AA702EE7540405186AA984A4158C03337DF88EE75404055C1A8A44E4158C0FB592C45F275404004543882544158C00AF5F411F875404085B35BCB644158C0CC43A67C08764040045ABA826D4158C00FB8AE9811764040DD990986734158C08E9257E718764040C26D6DE1794158C03DF19C2D20764040081D7409874158C0ABB184B531764040AE8383BD894158C04A0D6D0036764040C45DBD8A8C4158C0EE258DD13A7640407731CD74AF4158C07786A92D75764040836A8313D14158C0774B72C0AE764040095053CBD64158C02AFF5A5EB9764040F0DC7BB8E44158C05ABDC3EDD076404077103B53E84158C00F0D8B51D7764040E17B7F83F64158C0FE0FB056ED764040BEF90D130D4258C058E6ADBA0E774040102043C70E4258C04513286211774040"
7,"1109097223374","State Hwy 114","S","S1100","0105000020E6100000010000000102000000E20000004C38F4160F4258C0BA84436FF17640409AE95E27F54158C0BCC96FD1C976404073BED87BF14158C04969368FC3764040E3C62DE6E74158C0BB270F0BB5764040E4BD6A65C24158C0FC1D8A027D7640409B046F48A34158C0DFC4909C4C764040266DAAEE914158C0753C66A0327640401FF7ADD6894158C033FCA71B28764040DAE6C6F4844158C0300F99F22176404018B5FB55804158C009185DDE1C7640404AEF1B5F7B4158C06BF0BE2A1776404005F9D9C8754158C098874CF91076404096EA025E664158C01DE5603601764040B821C66B5E4158C0AAB8718BF9754040984F560C574158C0FB592C45F2754040956247E3504158C00AD80E46EC754040ABD1AB014A4158C031B2648EE5754040813E9127494158C0081F4AB4E4754040F9BCE2A9474158C056F0DB10E375404072DEFFC7094158C0F30181CEA475404054742497FF4058C0168733BF9A7540409E7C7A6CCB4058C0CB113290677540409163EB19C24058C083E0F1ED5D754040C042E6CAA04058C0ABE80FCD3C7540406893C3279D4058C0124A5F0839754040E1421EC18D4058C0850838842A754040E0BDA3C6844058C0131093702175404022E17B7F834058C09622F94A207540408EB1135E824058C0793D98141F754040793F6EBF7C4058C08E78B29B197540403DF03158714058C0889E94490D7540408FDFDBF4674058C0634337FB03754040DBF7A8BF5E4058C0CEA8F92AF9744040842BA0504F4058C06DCA15DEE57440407573F1B73D4058C09CE09BA6CF744040B03A72A4334058C0D238D4EFC2744040E5B9BE0F074058C0BFD4CF9B8A744040CE716E13EE3F58C0DBFAE93F6B744040DA8EA9BBB23F58C07923F3C81F744040742497FF903F58C06A317898F6734040CA1AF5108D3F58C04FE8F527F1734040261C7A8B873F58C0054F2157EA7340407407B133853F58C0D175E107E7734040527FBDC2823F58C0F1F62004E47340400664AF777F3F58C0529B38B9DF734040300E2E1D733F58C0CB4A9352D073404067800BB2653F58C0B56D1805C173404091442FA3583F58C0691B7FA2B2734040C64E78094E3F58C09E0B23BDA8734040B7627FD93D3F58C0FE2AC0779B734040975643E21E3F58C081CF0F23847340402FBE688F173F58C03CBF28417F734040F2D24D62103F58C0C26D6DE179734040D09849D40B3F58C04CA59F707673404046787B10023F58C0FD4E93196F7340407E552E54FE3E58C08D43FD2E6C7340405D4F745DF83E58C0D7BFEB336773404083A7902BF53E58C09738F24064734040E3FDB8FDF23E58C0213CDA3862734040EC8A19E1ED3E58C03543AA285E734040054F2157EA3E58C0F5BBB0355B734040AEB9A3FFE53E58C06E88F19A577340408B170B43E43E58C06FBC3B32567340404852D2C3D03E58C0A227655243734040793E03EACD3E58C00398327040734040AF93FAB2B43E58C0B037312427734040F2EA1C03B23E58C09A779CA223734040207F69519F3E58C0113AE8120E7340407F164B917C3E58C08F386403E9724040B9A981E6733E58C05872158BDF724040F12F82C64C3E58C008910C39B67240402EE411DC483E58C099B9C0E5B172404085285FD0423E58C0910F7A36AB7240409F20B1DD3D3E58C046425BCEA5724040CA3505323B3E58C0D636C5E3A272404037548CF3373E58C014D1AFAD9F7240403A24B550323E58C070ECD97399724040ACE5CE4C303E58C024B726DD967240403FAA61BF273E58C0B8AF03E78C7240406D5512D9073E58C030BDFDB96872404017B7D100DE3D58C04E62105839724040079ACFB9DB3D58C0C6FA062637724040E69315C3D53D58C06405BF0D317240407F129F3BC13D58C0103D29931A724040A69BC420B03D58C0F60A0BEE07724040A24621C9AC3D58C0A41820D10472404068791EDC9D3D58C0A1DAE044F4714040812381069B3D58C0F0DFBC38F17140407EFCA5457D3D58C09609BFD4CF7140406C3D4338663D58C0732D5A80B67140402426A8E15B3D58C03D9B559FAB71404059C2DA183B3D58C0C022BF7E8871404097AAB4C5353D58C06ADB300A82714040C9E4D4CE303D58C07F164B917C7140403012DA722E3D58C092E9D0E979714040680932022A3D58C0BE4C142175714040D55B035B253D58C0E5F21FD26F714040A29C6857213D58C0E78EFE976B71404037DDB243FC3C58C03D62F4DC42714040FE0FB056ED3C58C0C9B08A373271404038A3E6ABE43C58C08D614ED0267140400D71AC8BDB3C58C0E1D231E7197140403A3C84F1D33C58C0D07EA4880C714040F793313ECC3C58C04FEB36A8FD7040403CA1D79FC43C58C0CFBF5DF6EB7040403E096CCEC13C58C0AEB9A3FFE57040403F575BB1BF3C58C0CE6E2D93E17040408330B77BB93C58C0B891B245D270404078B6476FB83C58C02B6D718DCF7040404679E6E5B03C58C04548DDCEBE70404048E17A14AE3C58C096E99788B7704040E9263108AC3C58C06FF25B74B270404051888043A83C58C003EB387EA8704040EE7893DFA23C58C06B63EC84977040404489963C9E3C58C0FDA204FD857040402EC901BB9A3C58C088BD50C076704040236937FA983C58C0CDB051D66F70404042D0D1AA963C58C09D0FCF126470404049DBF813953C58C0D9243FE257704040E42F2DEA933C58C08B36C7B94D7040405000C5C8923C58C0FC8C0B07427040405000C5C8923C58C05CC98E8D40704040DF8C9AAF923C58C003B2D7BB3F704040448655BC913C58C0EF703B342C704040C1A73979913C58C0259529E620704040F1457BBC903C58C0A06CCA15DE6F4040753E3C4B903C58C0EDB8E177D36F4040109370218F3C58C0F6285C8FC26F4040290989B48D3C58C0C823B891B26F4040CA349A5C8C3C58C0211E8997A76F40406589CE328B3C58C01AA88C7F9F6F4040FB3A70CE883C58C07AC7293A926F40405CAB3DEC853C58C022FB20CB826F404039EFFFE3843C58C0904DF2237E6F4040A6272CF1803C58C06FF607CA6D6F40402619390B7B3C58C0A3957B81596F4040B875374F753C58C08272DBBE476F40401E8997A7733C58C0CCEEC9C3426F4040F1A0D9756F3C58C043024697376F40401E520C90683C58C010406A13276F40401FBAA0BE653C58C09CDF30D1206F4040D350A390643C58C0AFB2B6291E6F4040B56B425A633C58C0637D03931B6F4040E73A8DB4543C58C07FA31D37FC6E4040118E59F6243C58C03A77BB5E9A6E40401E8A027D223C58C0E3FBE252956E40401B834E081D3C58C0249A40118B6E40400611A969173C58C0A75B76887F6E4040B98AC56F0A3C58C00892770E656E40401DE56036013C58C0BEDBBC71526E404058C6866EF63B58C0D6C9198A3B6E404015527E52ED3B58C06EFAB31F296E40403D2CD49AE63B58C009185DDE1C6E4040DA1CE736E13B58C0F627F1B9136E40409CE09BA6CF3B58C09981CAF8F76D4040BADC60A8C33B58C0317E1AF7E66D4040889FFF1EBC3B58C0A75D4C33DD6D404000529B38B93B58C06DC7D45DD96D404008ABB184B53B58C0105B7A34D56D4040800F5EBBB43B58C0164CFC51D46D40407A6CCB80B33B58C0178046E9D26D4040C24CDBBFB23B58C04DF564FED16D40404EB857E6AD3B58C00FD6FF39CC6D40401AA88C7F9F3B58C06BD44334BA6D4040056A3178983B58C099D36531B16D4040643BDF4F8D3B58C023BA675DA36D4040132C0E677E3B58C038D89B18926D404061E0B9F7703B58C0F37684D3826D40404AB54FC7633B58C0D1EB4FE2736D40407A6D3656623B58C03128D368726D40408E7406465E3B58C0E06932E36D6D404030BABC395C3B58C0B70A62A06B6D4040CA6FD1C9523B58C0F2EB87D8606D4040A37895B54D3B58C0199293895B6D4040F3CB608C483B58C0043A9336556D40401E15FF77443B58C0B37BF2B0506D404078431A15383B58C03080F0A1446D4040795A7EE02A3B58C0EAEA8EC5366D40402A52616C213B58C02B89EC832C6D40408BA548BE123B58C06EF7729F1C6D404010E9B7AF033B58C029965B5A0D6D4040D9EE1EA0FB3A58C04C1B0E4B036D404086AB0320EE3A58C0C5FEB27BF26C4040EDD808C4EB3A58C00856D5CBEF6C4040080264E8D83A58C01F10E84CDA6C404071CB4752D23A58C0821C9430D36C404085ECBC8DCD3A58C090662C9ACE6C4040757808E3A73A58C096CCB1BCAB6C40409B046F48A33A58C0C8EC2C7AA76C4040CBBC55D7A13A58C058AD4CF8A56C4040C05C8B16A03A58C04776A565A46C4040390F27309D3A58C07862D68BA16C40404E7E8B4E963A58C0997FF44D9A6C4040C6302768933A58C0897C9752976C4040BA313D61893A58C09BCAA2B08B6C40404FAC53E57B3A58C0AA2B9FE5796C404087527B116D3A58C0384A5E9D636C4040D7A546E8673A58C0B4E6C75F5A6C4040747CB438633A58C05325CADE526C40409F91088D603A58C062A3ACDF4C6C4040718FA50F5D3A58C091D61874426C4040423F53AF5B3A58C00F60915F3F6C404068CBB914573A58C09ECF807A336C404051BD35B0553A58C05E488787306C4040024A438D423A58C0BAD8B452086C4040D6FD63213A3A58C003D0285DFA6B404004C93B87323A58C02368CC24EA6B404053978C63243A58C0DF516342CC6B40403F73D6A71C3A58C0B83D4162BB6B40406C3EAE0D153A58C0C1ADBB79AA6B4040C0CC77F0133A58C0E6EB32FCA76B404008AA46AF063A58C0656F29E78B6B4040111AC1C6F53958C02B4EB516666B4040D6355A0EF43958C027F911BF626B4040EB56CF49EF3958C0506F46CD576B40407AFD497CEE3958C04BE658DE556B4040F9A067B3EA3958C02C4833164D6B4040B328ECA2E83958C00551F701486B40400839EFFFE33958C0234DBC033C6B4040FB05BB61DB3958C06F48A302276B4040205ED72FD83958C00D535BEA206B4040AD31E884D03958C0D8F4A0A0146B4040F7C77BD5CA3958C07CF0DAA50D6B4040F4A62215C63958C037E0F3C3086B4040B4E89D0AB83958C0F0164850FC6A40409146054EB63958C0DFDFA0BDFA6A4040"
8,"1109097381195","State Hwy 114","S","S1100","0105000020E61000000100000001020000001D00000010AFEB17EC5D58C038BA4A77D7854040ED80EB8A195E58C0C32B499EEB854040161747E5265E58C031CF4A5AF1854040F67B629D2A5E58C0138255F5F28540404D486B0C3A5E58C04BB0389CF9854040E44A3D0B425E58C00DE2033BFE85404033535A7F4B5E58C051BEA08504864040AF5A99F04B5E58C0759483D904864040728C648F505E58C0EA5C514A088640409DD843FB585E58C016DD7A4D0F8640405F24B4E55C5E58C07FF78E1A1386404002D53F88645E58C06954E0641B8640404833164D675E58C00D6D003620864040EECD6F98685E58C07EACE0B721864040BAF770C9715E58C0D12346CF2D86404088F19A57755E58C05723BBD2328640409EB12FD9785E58C0A2F0D93A38864040389ECF807A5E58C0D00CE2033B8640408F19A88C7F5E58C007D3307C44864040459DB987845E58C0616F62484E8640402079E750865E58C03BFDA02E528640401EDD088B8A5E58C0842EE1D05B86404070CFF3A78D5E58C0E5EFDE5163864040B76114048F5E58C09CA73AE4668640402C2AE274925E58C067B796C9708640400EDDEC0F945E58C0DC4B1AA375864040CB9F6F0B965E58C067D47C957C8640402F3196E9975E58C0698D41278486404059C4B0C3985E58C097A949F086864040"
9,"1109097381196","State Hwy 114","S","S1100","0105000020E6100000010000000102000000230000001DAD6A49475E58C0BC2363B5F985404087156EF9485E58C0C79DD2C1FA8540401975ADBD4F5E58C030849CF7FF854040C4B29943525E58C0350D8AE601864040FE62B664555E58C0F2B567960486404037C5E3A25A5E58C04374081C09864040F9DC09F65F5E58C01CCEFC6A0E864040F03504C7655E58C0C66F0A2B15864040D7A546E8675E58C0A13193A81786404022C154336B5E58C034130CE71A8640402D077AA86D5E58C026FDBD141E8640401D3BA8C4755E58C0C154336B298640408D60E3FA775E58C066A19DD32C86404050C6F8307B5E58C0ECA012D731864040063065E0805E58C058A835CD3B864040081D7409875E58C0AC1F9BE44786404070B54E5C8E5E58C02C7FBE2D58864040E5637781925E58C003098A1F63864040FB230C03965E58C02D211FF46C86404083A5BA80975E58C0314278B471864040404E98309A5E58C09E7DE5417A8640406F8445459C5E58C02FC37FBA81864040855E7F129F5E58C0F99E91088D8640403D7E6FD39F5E58C0DA1D520C908640409C6C0377A05E58C0F6CE68AB9286404048DE3994A15E58C02F3196E99786404054724EECA15E58C070ECD973998640406B9A779CA25E58C062D68BA19C86404076E09C11A55E58C02C4A09C1AA86404040852348A55E58C0492F6AF7AB864040B6679604A85E58C0DF4E22C2BF8640406E8786C5A85E58C00BCF4BC5C6864040FDF9B660A95E58C042959A3DD0864040AF5C6F9BA95E58C057ED9A90D68640409DD7D825AA5E58C07978CF81E5864040"
10,"11015547346361","State Hwy 114","S","S1100","0105000020E61000000100000001020000001C010000AF3E1EFAEE4B58C0315EF3AACE7E404053060E68E94B58C0B0E76B96CB7E404058552FBFD34B58C0EBFCDB65BF7E4040DC645419C64B58C0A988D349B67E4040C24F1C40BF4B58C02E03CE52B27E404027DBC01DA84B58C0BDA60705A57E4040AD8905BEA24B58C00CACE3F8A17E4040EFC682C2A04B58C090BE49D3A07E4040DFC325C79D4B58C03D98141F9F7E4040E97E4E417E4B58C0DB85E63A8D7E4040C0E8F2E6704B58C033182312857E404016F6B4C35F4B58C0AA2B9FE5797E4040747973B8564B58C0959F54FB747E4040B9382A37514B58C0A872DA53727E40405E9CF86A474B58C0F8DF4A766C7E4040F86BB2463D4B58C00D1B65FD667E40403C11C479384B58C0C1E5B166647E40409ECF807A334B58C093C9A99D617E4040BF64E3C1164B58C0D76B7A50507E4040789B374E0A4B58C0771211FE457E40406FD74B53044B58C0EB556474407E4040B9533A58FF4A58C06556EF703B7E4040E5D022DBF94A58C032E54350357E40409F724C16F74A58C0CF876709327E4040BA84436FF14A58C08BDF14562A7E4040EB707495EE4A58C0FEEE1D35267E4040AC1DC539EA4A58C04F5C8E57207E4040FA08FCE1E74A58C0273108AC1C7E4040C763062AE34A58C03126FDBD147E4040573ECBF3E04A58C033C2DB83107E4040B4739A05DA4A58C0CF13CFD9027E4040BADC60A8C34A58C0B9DFA128D07D4040962023A0C24A58C0200DA7CCCD7D4040DD611399B94A58C00D0055DCB87D4040B4024356B74A58C0A4198BA6B37D404068B3EA73B54A58C0D6390664AF7D404078B306EFAB4A58C09A999999997D4040F296AB1F9B4A58C0CC6262F3717D404066C0594A964A58C09013268C667D404049DBF813954A58C0C1FF56B2637D40406552431B804A58C0E695EB6D337D4040A167B3EA734A58C0E8F7FD9B177D404047E5266A694A58C02AADBF25007D40406D718DCF644A58C0B8E864A9F57C40401A170E84644A58C0713C9F01F57C4040EBAC16D8634A58C030815B77F37C404047AE9B525E4A58C007D15AD1E67C4040FA449E245D4A58C01AA4E029E47C4040790261A7584A58C05B423EE8D97C40404626E0D7484A58C0325871AAB57C4040CBBA7F2C444A58C03EE94482A97C4040B03DB324404A58C0EB71DF6A9D7C4040E14389963C4A58C098FA7953917C40408F1D54E23A4A58C05A0F5F268A7C404098A77345294A58C0BB809719367C4040094FE8F5274A58C011DF89592F7C4040357EE195244A58C0441669E21D7C40402CD49AE61D4A58C08A03E8F7FD7B4040BE4A3E76174A58C0A06CCA15DE7B404007280D350A4A58C09DBAF2599E7B40404A7F2F85074A58C0CE55F31C917B4040C93CF207034A58C0BE69FAEC807B404048FAB48AFE4958C0834E081D747B4040209BE447FC4958C0B6A2CD716E7B40401B2C9CA4F94958C04EF04DD3677B4040F2B22616F84958C074620FED637B4040A228D027F24958C0D481ACA7567B4040DE8E705AF04958C05EB9DE36537B4040C2DD59BBED4958C079B130444E7B4040FB3C4679E64958C0A38FF980407B4040F2785A7EE04958C06DC9AA08377B4040FAB7CB7EDD4958C0DA1B7C61327B4040CCCF0D4DD94958C05A0D897B2C7B4040289D4830D54958C022AB5B3D277B4040653733FAD14958C0471D1D57237B4040006F8104C54958C071C79BFC167B4040F60B76C3B64958C036785F950B7B4040ADC090D5AD4958C00307B474057B4040153C855CA94958C0520C9068027B404011018750A54958C083F8C08EFF7A40401D8F19A88C4958C09816F549EE7A40400803CFBD874958C0B2DAFCBFEA7A40408D7DC9C6834958C0725303CDE77A404016FC36C4784958C01C40BFEFDF7A4040861E317A6E4958C09D6516A1D87A4040917BBABA634958C04852D2C3D07A4040774CDD955D4958C015ADDC0BCC7A4040888043A8524958C0F50EB743C37A40400281CEA44D4958C0272F3201BF7A404006854199464958C06631B1F9B87A40400E12A27C414958C003081F4AB47A4040E15D2EE23B4958C0FA298E03AF7A404066D828EB374958C0F017B325AB7A40406F4BE482334958C04051D9B0A67A4040836C59BE2E4958C0CBBC55D7A17A4040919C4CDC2A4958C0503750E09D7A4040C2A2224E274958C076A911FA997A4040ADFC3218234958C0A20C5531957A40403E25E7C41E4958C0BC04A73E907A404088A1D5C9194958C0EF586C938A7A4040F5D901D7154958C01BBCAFCA857A40407A54FCDF114958C0471FF301817A40408D4127840E4958C049BBD1C77C7A4040F33AE2900D4958C08BDEA9807B7A4040E4857478084958C0D0D1AA96747A40402106BAF6054958C01A1A4F04717A404065DF15C1FF4858C04DD6A887687A4040D908C4EBFA4858C0A4349BC7617A4040F30016F9F54858C0074147AB5A7A4040213EB0E3BF4858C09A232BBF0C7A4040C6FCDCD0944858C0C0D02346CF79404058CB9D99604858C03145B9347E79404055A18158364858C0137EA99F3779404019E76F42214858C0C976BE9F1A7940405F5CAAD2164858C0286211C30E79404082E15CC30C4858C02254A9D903794040A8397991094858C0E2CCAFE6007940409702D2FE074858C024F0879FFF7840409563B2B8FF4758C040506EDBF778404086AE44A0FA4758C01268B0A9F37840403C2F151BF34758C0744012F6ED7840405036E50AEF4758C0E15E99B7EA78404023827170E94758C0B933130CE77840403D601E32E54758C0EB1F4432E478404004CAA65CE14758C0F24410E7E17840401805C1E3DB4758C08EE733A0DE7840400936AE7FD74758C0122EE411DC7840400BD28C45D34758C01A53B0C6D9784040B00111E2CA4758C0E0BC38F1D57840403866D993C04758C0E25817B7D178404071AB2006BA4758C0780AB952CF784040957EC2D9AD4758C08063CF9ECB784040A3AEB5F7A94758C057D0B4C4CA784040A0C1A6CEA34758C099F38C7DC9784040503750E09D4758C0FFEC478AC87840401502B9C4914758C041102043C778404046D1031F834758C018B14F00C57840403293A8177C4758C0D1048A58C478404046B41D53774758C03DBB7CEBC3784040607825C9734758C0077AA86DC3784040A0E238F06A4758C0EA944737C2784040B403AE2B664758C0145CACA8C1784040B95510035D4758C0986E1283C0784040E7543200544758C0CEE33098BF784040FB2477D8444758C00A4AD1CABD784040BCEB6CC83F4758C03411363CBD784040CB2C42B1154758C03D9E961FB8784040E33785950A4758C00E4E44BFB678404057957D57044758C044C362D4B578404083DE1B43004758C0EBABAB02B5784040CD74AF93FA4658C0CEC64ACCB3784040D4997B48F84658C027124C35B37840404206F2ECF24658C0C93D5DDDB1784040D88349F1F14658C0465F419AB1784040BC202235ED4658C0A69BC420B0784040C91CCBBBEA4658C04D840D4FAF784040BFF04A92E74658C01286014BAE784040FB3C4679E64658C04EB857E6AD78404097C5C4E6E34658C054A9D903AD78404035B6D782DE4658C0AE282504AB78404031957EC2D94658C01B13622EA97840403A22DFA5D44658C0C22FF5F3A678404036E7E099D04658C0BDA60705A5784040CDCCCCCCCC4658C02A91442FA3784040EC67B114C94658C0B4942C27A178404037FE4465C34658C09DD497A59D784040904946CEC24658C0D906EE409D784040AA0D4E44BF4658C010B056ED9A7840404ED53DB2B94658C0C5AEEDED9678404056629E95B44658C05B94D92093784040520DFB3DB14658C06F675F7990784040D787F546AD4658C0CA1AF5108D7840402104E44BA84658C019541B9C88784040A67EDE54A44658C0B03907CF84784040F6B704E09F4658C0BE839F38807840403929CC7B9C4658C0193735D07C7840408257CB9D994658C0683C11C4797840405A12A0A6964658C0F373435376784040E449D235934658C02594BE10727840406F675F79904658C03F58C6866E784040F3AD0FEB8D4658C0581CCEFC6A784040D6FCF84B8B4658C090F980406778404020459DB9874658C0B69F8CF161784040A5D93C0E834658C0D2FF722D5A7840407C2C7DE8824658C01F9DBAF2597840400C21E7FD7F4658C0DA8CD31055784040E3C116BB7D4658C01E1840F850784040D270CADC7C4658C00DE198654F784040683C11C4794658C0ECDADE6E49784040AE49B725724658C0950ED6FF39784040DF1B4300704658C0B5C35F9335784040B83EAC376A4658C0A46FD23428784040E8F692C6684658C0ACC8E88024784040C367EBE0604658C03F70952710784040CA8CB7955E4658C0EFE53E390A78404090DC9A745B4658C071732A1900784040D34D6210584658C022516859F77740408718AF79554658C079AF5A99F0774040D751D504514658C09D685721E57740401F662FDB4E4658C04030478FDF7740402C4833164D4658C07EFE7BF0DA774040321F10E84C4658C049BDA772DA7740407A19C5724B4658C0E0A293A5D6774040C2137AFD494658C04704E3E0D27740402EC72B103D4658C0F9DB9E20B17740403FAA61BF274658C092E9D0E9797740407BF65CA6264658C0935165187777404055302AA9134658C00DAA0D4E4477404038656EBE114658C015376E313F774040272EC72B104658C0E84EB0FF3A774040AB402D060F4658C07F349C32377740401288D7F50B4658C0CA181F662F7740404ED4D2DC0A4658C05A0D897B2C774040901150E1084658C0D40D1478277740408597E0D4074658C047E9D2BF24774040F758FAD0054658C00E87A5811F7740400B462575024658C0B3B6291E1777404098FC4FFEEE4558C001F73C7FDA7640401DAB949EE94558C0020EA14ACD7640401BD82AC1E24558C0F321A81ABD76404078279F1EDB4558C078B306EFAB764040ED9E3C2CD44558C0A94E07B29E76404085ECBC8DCD4558C06DFFCA4A93764040D1048A58C44558C0B03907CF8476404099D6A6B1BD4558C0A46E675F79764040425BCEA5B84558C08A592F8672764040A988D349B64558C0976F7D586F764040C971A774B04558C0A6ED5F5969764040594C6C3EAE4558C0AE122C0E67764040A67EDE54A44558C0DD4598A25C764040D15CA791964558C031B77BB94F764040BEA085048C4558C0A52E19C748764040AA7CCF48844558C0855CA967417640407A8A1C226E4558C0991249F432764040BE2F2E55694558C00531D0B52F764040A9893E1F654558C0B9FB1C1F2D764040116DC7D45D4558C00FF27A3029764040B2135E82534558C0709692E52476404027BF45274B4558C07EACE0B721764040473D44A33B4558C02DEE3F321D764040B745990D324558C0E1B88C9B1A76404074CE4F711C4558C036AFEAAC167640405D86FF74034558C072E14048167640407461A417B54458C0F2237EC51A764040772E8CF4A24458C0FF0582001976404044A7E7DD584458C0466117450F764040BCB1A030284458C0A86DC32808764040F2CF0CE2034458C0F78F85E8107640400DC2DCEEE54358C06EDDCD531D7640400AA1832EE14358C0077C7E182176404031957EC2D94358C0878A71FE26764040ACA92C0ABB4358C0A20DC00644764040E736E15E994358C05ED905836B76404077BD3445804358C0EB3713D385764040FDF7E0B54B4358C0FD67CD8FBF764040EAE74D452A4358C0B77A4E7ADF76404053944BE3174358C00DAB7823F37640400953944BE34258C00D535BEA20774040FE0C6FD6E04258C07D923B6C22774040B7291E17D54258C02CF180B229774040B55373B9C14258C063B7CF2A3377404004594FADBE4258C09207228B34774040A12C7C7DAD4258C0BFBB95253A77404038F8C264AA4258C0B20DDC813A77404063416150A64258C0F3C81F0C3C7740403659A31EA24258C0B2D991EA3B774040253CA1D79F4258C00BF148BC3C77404027D87F9D9B4258C00400C79E3D77404056D7A19A924258C04BAC8C463E774040234C512E8D4258C0FE0E45813E77404058703FE0814258C0E71A66683C774040F8E28BF6784258C0F3C81F0C3C774040E1085229764258C06B2DCC423B77404049810530654258C0670C738236774040E02F664B564258C088F546AD307740400133DFC14F4258C07235B22B2D774040982F2FC03E4258C08940F50F22774040BB809719364258C0EC4CA1F31A7740402634492C294258C0D237691A1477404029D027F2244258C010069E7B0F77404030D80DDB164258C0F6D37FD6FC764040664D2CF0154258C0677BF486FB764040DAAA24B20F4258C0840F255AF27640404C38F4160F4258C0BA84436FF1764040"
